best_acc,best_f1
0.5337448559670788,0.5894473838918283
0.5341563786008234,0.5648295120517348
0.5333333333333337,0.599822000130642
0.5296296296296301,0.5866287804559411
0.5308641975308646,0.5940149585211311
