best_acc,best_f1
0.5296296296296299,0.5923035469331762
0.5353909465020575,0.5906525573192238
